Solution,Total_Weighted_Tardiness,On_Time_Delivery_Rate,Avg_Tardiness,Makespan_Days,Avg_Utilization,Bottleneck_Load,Load_Balance_Std
最小拖期解,2.997037037037037,80.0,0.42814814814814817,8.177199074074075,9.38808475976662,18.044592446417802,5.7313292048596916
最大利用率解,3.969097222222222,80.0,0.5670138888888889,8.266203703703704,9.289767404312363,22.15005667718513,7.714887729108634
最小Makespan解,2.997037037037037,80.0,0.42814814814814817,7.140740740740741,9.378061221102563,19.118420421531546,5.7944501669638395
平衡解,2.997037037037037,80.0,0.42814814814814817,7.916782407407408,9.292818645525214,20.17231225895176,7.2306979499127895
